[
    {
        "model": "auth.User",
        "pk": 1,
        "fields": {
            "username": "JOHN42"
        }
    },
    {
        "model": "security.PrisonerProfile",
        "pk": 1,
        "fields": {
            "prisoner_number": "A1409AE",
            "prisoner_name": "JAMES HALLS",
            "credit_count": 2,
            "credit_total": 3000,
            "disbursement_count": 3,
            "disbursement_total": 8000
        }
    },
    {
        "model": "notification.Event",
        "pk": 13,
        "fields": {
            "rule": "MONP",
            "description": "Credits or disbursements for prisoners you are monitoring",
            "triggered_at": "2023-11-29T13:47:31.283Z"
        }
    },
    {
        "model": "notification.PrisonerProfileEvent",
        "pk": 1,
        "fields": {
            "event_id": 13,
            "prisoner_profile_id": 1
        }
    },
    {
        "model": "security.SenderProfile",
        "pk": 1,
        "fields": {
            "credit_count": 2,
            "credit_total": 3000
        }
    },
    {
        "model": "security.DebitCardSenderDetails",
        "pk": 1,
        "fields": {
            "sender_id": 1,
            "card_number_last_digits": "1234",
            "card_expiry_date": "01/23",
            "postcode": "AB1 2CD"
        }
    },
    {
        "model": "security.SenderEmail",
        "pk": 1,
        "fields": {
            "debit_card_sender_details_id": 1,
            "email": "mrs.halls@example.com"
        }
    },
    {
        "model": "notification.Event",
        "pk": 9,
        "fields": {
            "rule": "MONS",
            "description": "Credits for payment sources you are monitoring",
            "triggered_at": "2023-11-29T13:47:31.283Z"
        }
    },
    {
        "model": "notification.SenderProfileEvent",
        "pk": 1,
        "fields": {
            "event_id": 9,
            "sender_profile_id": 1
        }
    },
    {
        "model": "security.PrisonerProfile",
        "pk": 2,
        "fields": {
            "prisoner_number": "B1510BF",
            "prisoner_name": "JOHN WALLS",
            "credit_count": 1,
            "credit_total": 4000,
            "disbursement_count": 1,
            "disbursement_total": 2000
        }
    },
    {
        "model": "notification.Event",
        "pk": 14,
        "fields": {
            "rule": "MONP",
            "description": "Credits or disbursements for prisoners you are monitoring",
            "triggered_at": "2023-11-29T13:47:31.283Z"
        }
    },
    {
        "model": "notification.PrisonerProfileEvent",
        "pk": 2,
        "fields": {
            "event_id": 14,
            "prisoner_profile_id": 2
        }
    },
    {
        "model": "security.SenderProfile",
        "pk": 2,
        "fields": {
            "credit_count": 1,
            "credit_total": 4000
        }
    },
    {
        "model": "security.DebitCardSenderDetails",
        "pk": 2,
        "fields": {
            "sender_id": 2,
            "card_number_last_digits": "4567",
            "card_expiry_date": "02/34",
            "postcode": "CD2 3EF"
        }
    },
    {
        "model": "security.SenderEmail",
        "pk": 2,
        "fields": {
            "debit_card_sender_details_id": 2,
            "email": "mrs.walls@example.com"
        }
    },
    {
        "model": "notification.Event",
        "pk": 10,
        "fields": {
            "rule": "MONS",
            "description": "Credits for payment sources you are monitoring",
            "triggered_at": "2023-11-29T13:47:31.283Z"
        }
    },
    {
        "model": "notification.SenderProfileEvent",
        "pk": 2,
        "fields": {
            "event_id": 10,
            "sender_profile_id": 2
        }
    },
    {
        "model": "security.RecipientProfile",
        "pk": 1,
        "fields": {
            "disbursement_count": 1,
            "disbursement_total": 1000
        }
    },
    {
        "model": "security.BankAccount",
        "pk": 1,
        "fields": {
            "sort_code": "11-11-11",
            "account_number": "11111111",
            "roll_number": "1"
        }
    },
    {
        "model": "security.BankTransferRecipientDetails",
        "pk": 1,
        "fields": {
            "recipient_bank_account_id": 1,
            "recipient_id": 1
        }
    },
    {
        "model": "notification.Event",
        "pk": 15,
        "fields": {
            "rule": "MONP",
            "description": "Credits or disbursements for prisoners you are monitoring",
            "triggered_at": "2023-11-29T13:47:31.283Z"
        }
    },
    {
        "model": "notification.RecipientProfileEvent",
        "pk": 1,
        "fields": {
            "event_id": 15,
            "recipient_profile_id": 1
        }
    },
    {
        "model": "security.RecipientProfile",
        "pk": 2,
        "fields": {
            "disbursement_count": 1,
            "disbursement_total": 2000
        }
    },
    {
        "model": "security.BankAccount",
        "pk": 2,
        "fields": {
            "sort_code": "22-22-22",
            "account_number": "22222222",
            "roll_number": "2"
        }
    },
    {
        "model": "security.BankTransferRecipientDetails",
        "pk": 2,
        "fields": {
            "recipient_bank_account_id": 2,
            "recipient_id": 2
        }
    },
    {
        "model": "notification.Event",
        "pk": 11,
        "fields": {
            "rule": "MONP",
            "description": "Credits or disbursements for prisoners you are monitoring",
            "triggered_at": "2023-11-29T13:47:31.283Z"
        }
    },
    {
        "model": "notification.RecipientProfileEvent",
        "pk": 2,
        "fields": {
            "event_id": 11,
            "recipient_profile_id": 2
        }
    },
    {
        "model": "security.RecipientProfile",
        "pk": 3,
        "fields": {
            "disbursement_count": 2,
            "disbursement_total": 7000
        }
    },
    {
        "model": "security.BankAccount",
        "pk": 3,
        "fields": {
            "sort_code": "33-33-33",
            "account_number": "33333333",
            "roll_number": "3"
        }
    },
    {
        "model": "security.BankTransferRecipientDetails",
        "pk": 3,
        "fields": {
            "recipient_bank_account_id": 3,
            "recipient_id": 3
        }
    },
    {
        "model": "notification.Event",
        "pk": 12,
        "fields": {
            "rule": "MONP",
            "description": "Credits or disbursements for prisoners you are monitoring",
            "triggered_at": "2023-11-29T13:47:31.283Z"
        }
    },
    {
        "model": "notification.RecipientProfileEvent",
        "pk": 3,
        "fields": {
            "event_id": 12,
            "recipient_profile_id": 3
        }
    },
    {
        "model": "credit.Credit",
        "pk": 1,
        "fields": {
            "sender_profile_id": 1,
            "prisoner_profile_id": 1,
            "prisoner_number": "A1409AE",
            "prisoner_name": "JAMES HALLS",
            "prison_id": "IXB",
            "amount": 1000,
            "created": "2015-11-11T13:47:31.283Z",
            "modified": "2015-11-11T13:47:31.283Z",
            "resolution": "credited"
        }
    },
    {
        "model": "payment.Payment",
        "pk": 1,
        "fields": {
            "credit_id": 1,
            "amount": 1000,
            "status": "taken",
            "cardholder_name": "Mrs. Halls",
            "created": "2015-11-11T13:47:31.283Z",
            "modified": "2015-11-11T13:47:31.283Z"
        }
    },
    {
        "model": "credit.Log",
        "pk": 1,
        "fields": {
            "credit_id": 1,
            "user_id": 1,
            "action": "created",
            "created": "2015-11-11T13:47:31.283Z",
            "modified": "2015-11-11T13:47:31.283Z"
        }
    },
    {
        "model": "notification.Event",
        "pk": 1,
        "fields": {
            "rule": "MONP",
            "description": "Credits or disbursements for prisoners you are monitoring",
            "triggered_at": "2015-11-11T13:47:31.283Z"
        }
    },
    {
        "model": "notification.CreditEvent",
        "pk": 1,
        "fields": {
            "credit_id": 1,
            "event_id": 1
        }
    },
    {
        "model": "disbursement.Disbursement",
        "pk": 1,
        "fields": {
            "prisoner_profile_id": 1,
            "recipient_profile_id": 1,
            "amount": 1000,
            "resolution": "sent",
            "prisoner_number": "A1409AE",
            "prisoner_name": "JAMES HALLS",
            "prison_id": "IXB",
            "created": "2015-11-11T13:47:31.283Z",
            "modified": "2015-11-11T13:47:31.283Z"
        }
    },
    {
        "model": "disbursement.Log",
        "pk": 1,
        "fields": {
            "disbursement_id": 1,
            "user_id": 1,
            "action": "created",
            "created": "2015-11-11T13:47:31.283Z",
            "modified": "2015-11-11T13:47:31.283Z"
        }
    },
    {
        "model": "notification.Event",
        "pk": 2,
        "fields": {
            "rule": "MONP",
            "description": "Credits or disbursements for prisoners you are monitoring",
            "triggered_at": "2015-11-11T13:47:31.283Z"
        }
    },
    {
        "model": "notification.DisbursementEvent",
        "pk": 1,
        "fields": {
            "disbursement_id": 1,
            "event_id": 2
        }
    },
    {
        "model": "credit.Credit",
        "pk": 2,
        "fields": {
            "sender_profile_id": 1,
            "prisoner_profile_id": 1,
            "prisoner_number": "A1409AE",
            "prisoner_name": "JAMES HALLS",
            "prison_id": "IXB",
            "amount": 2000,
            "created": "2020-12-11T13:47:31.283Z",
            "modified": "2020-12-11T13:47:31.283Z",
            "resolution": "credited"
        }
    },
    {
        "model": "payment.Payment",
        "pk": 2,
        "fields": {
            "credit_id": 2,
            "amount": 2000,
            "status": "taken",
            "cardholder_name": "Mrs. Halls",
            "created": "2020-12-11T13:47:31.283Z",
            "modified": "2020-12-11T13:47:31.283Z"
        }
    },
    {
        "model": "credit.Log",
        "pk": 2,
        "fields": {
            "credit_id": 2,
            "user_id": 1,
            "action": "created",
            "created": "2020-12-11T13:47:31.283Z",
            "modified": "2020-12-11T13:47:31.283Z"
        }
    },
    {
        "model": "notification.Event",
        "pk": 3,
        "fields": {
            "rule": "MONP",
            "description": "Credits or disbursements for prisoners you are monitoring",
            "triggered_at": "2020-12-11T13:47:31.283Z"
        }
    },
    {
        "model": "notification.CreditEvent",
        "pk": 2,
        "fields": {
            "credit_id": 2,
            "event_id": 3
        }
    },
    {
        "model": "credit.Credit",
        "pk": 3,
        "fields": {
            "sender_profile_id": 1,
            "prisoner_profile_id": 1,
            "prisoner_number": "A1409AE",
            "prisoner_name": "JAMES HALLS",
            "prison_id": "IXB",
            "amount": 3000,
            "created": "2023-11-29T13:47:31.283Z",
            "modified": "2023-11-29T13:47:31.283Z",
            "resolution": "pending"
        }
    },
    {
        "model": "payment.Payment",
        "pk": 3,
        "fields": {
            "credit_id": 3,
            "amount": 3000,
            "status": "pending",
            "cardholder_name": "Mrs. Halls",
            "created": "2023-11-29T13:47:31.283Z",
            "modified": "2023-11-29T13:47:31.283Z"
        }
    },
    {
        "model": "credit.Log",
        "pk": 3,
        "fields": {
            "credit_id": 3,
            "user_id": 1,
            "action": "created",
            "created": "2023-11-29T13:47:31.283Z",
            "modified": "2023-11-29T13:47:31.283Z"
        }
    },
    {
        "model": "notification.Event",
        "pk": 4,
        "fields": {
            "rule": "MONP",
            "description": "Credits or disbursements for prisoners you are monitoring",
            "triggered_at": "2023-11-29T13:47:31.283Z"
        }
    },
    {
        "model": "notification.CreditEvent",
        "pk": 3,
        "fields": {
            "credit_id": 3,
            "event_id": 4
        }
    },
    {
        "model": "credit.Credit",
        "pk": 4,
        "fields": {
            "sender_profile_id": 2,
            "prisoner_profile_id": 2,
            "prisoner_number": "B1510BF",
            "prisoner_name": "JOHN WALLS",
            "prison_id": "IXB",
            "amount": 4000,
            "created": "2015-11-11T13:47:31.283Z",
            "modified": "2015-11-11T13:47:31.283Z",
            "resolution": "credited"
        }
    },
    {
        "model": "payment.Payment",
        "pk": 4,
        "fields": {
            "credit_id": 4,
            "amount": 4000,
            "status": "taken",
            "cardholder_name": "Mrs. Walls",
            "created": "2015-11-11T13:47:31.283Z",
            "modified": "2015-11-11T13:47:31.283Z"
        }
    },
    {
        "model": "credit.Log",
        "pk": 4,
        "fields": {
            "credit_id": 4,
            "user_id": 1,
            "action": "created",
            "created": "2015-11-11T13:47:31.283Z",
            "modified": "2015-11-11T13:47:31.283Z"
        }
    },
    {
        "model": "notification.Event",
        "pk": 5,
        "fields": {
            "rule": "MONP",
            "description": "Credits or disbursements for prisoners you are monitoring",
            "triggered_at": "2015-11-11T13:47:31.283Z"
        }
    },
    {
        "model": "notification.CreditEvent",
        "pk": 4,
        "fields": {
            "credit_id": 4,
            "event_id": 5
        }
    },
    {
        "model": "disbursement.Disbursement",
        "pk": 2,
        "fields": {
            "prisoner_profile_id": 2,
            "recipient_profile_id": 2,
            "amount": 2000,
            "resolution": "sent",
            "prisoner_number": "B1510BF",
            "prisoner_name": "JOHN WALLS",
            "prison_id": "IXB",
            "created": "2015-11-11T13:47:31.283Z",
            "modified": "2015-11-11T13:47:31.283Z"
        }
    },
    {
        "model": "disbursement.Log",
        "pk": 2,
        "fields": {
            "disbursement_id": 2,
            "user_id": 1,
            "action": "created",
            "created": "2015-11-11T13:47:31.283Z",
            "modified": "2015-11-11T13:47:31.283Z"
        }
    },
    {
        "model": "notification.Event",
        "pk": 6,
        "fields": {
            "rule": "MONP",
            "description": "Credits or disbursements for prisoners you are monitoring",
            "triggered_at": "2015-11-11T13:47:31.283Z"
        }
    },
    {
        "model": "notification.DisbursementEvent",
        "pk": 2,
        "fields": {
            "disbursement_id": 2,
            "event_id": 6
        }
    },
    {
        "model": "disbursement.Disbursement",
        "pk": 3,
        "fields": {
            "prisoner_profile_id": 1,
            "recipient_profile_id": 3,
            "amount": 3000,
            "resolution": "sent",
            "prisoner_number": "A1409AE",
            "prisoner_name": "JAMES HALLS",
            "prison_id": "IXB",
            "created": "2015-11-11T13:47:31.283Z",
            "modified": "2015-11-11T13:47:31.283Z"
        }
    },
    {
        "model": "disbursement.Log",
        "pk": 3,
        "fields": {
            "disbursement_id": 3,
            "user_id": 1,
            "action": "created",
            "created": "2015-11-11T13:47:31.283Z",
            "modified": "2015-11-11T13:47:31.283Z"
        }
    },
    {
        "model": "notification.Event",
        "pk": 7,
        "fields": {
            "rule": "MONP",
            "description": "Credits or disbursements for prisoners you are monitoring",
            "triggered_at": "2015-11-11T13:47:31.283Z"
        }
    },
    {
        "model": "notification.DisbursementEvent",
        "pk": 3,
        "fields": {
            "disbursement_id": 3,
            "event_id": 7
        }
    },
    {
        "model": "disbursement.Disbursement",
        "pk": 4,
        "fields": {
            "prisoner_profile_id": 1,
            "recipient_profile_id": 3,
            "amount": 4000,
            "resolution": "pending",
            "prisoner_number": "A1409AE",
            "prisoner_name": "JAMES HALLS",
            "prison_id": "IXB",
            "created": "2023-11-29T13:47:31.283Z",
            "modified": "2023-11-29T13:47:31.283Z"
        }
    },
    {
        "model": "disbursement.Log",
        "pk": 4,
        "fields": {
            "disbursement_id": 4,
            "user_id": 1,
            "action": "created",
            "created": "2023-11-29T13:47:31.283Z",
            "modified": "2023-11-29T13:47:31.283Z"
        }
    },
    {
        "model": "notification.Event",
        "pk": 8,
        "fields": {
            "rule": "MONP",
            "description": "Credits or disbursements for prisoners you are monitoring",
            "triggered_at": "2023-11-29T13:47:31.283Z"
        }
    },
    {
        "model": "notification.DisbursementEvent",
        "pk": 4,
        "fields": {
            "disbursement_id": 4,
            "event_id": 8
        }
    },
    {
        "model": "transaction.Transaction",
        "pk": 1,
        "fields": {
            "source": "administrative",
            "received_at": "2015-11-11T13:47:31.283Z",
            "amount": 10000
        }
    },
    {
        "model": "transaction.Transaction",
        "pk": 2,
        "fields": {
            "source": "administrative",
            "received_at": "2023-11-29T13:47:31.283Z",
            "amount": 20000
        }
    }
]
